ID,NOMBRE,HORAS TRABAJADAS,SUELDO
1 Delphine 136 272
2 Marlane 151 302
3 Sayre 191 382
4 Valli 171 342
5 Laurena 212 424
6 Hamil 128 256
7 Ettie 164 328
8 Andreas 132 264
9 Dita 80 160
10 Euell 99 198
11 Karina 185 370
12 Carey 209 418
13 Haze 88 176
14 Averil 99 198
15 Giuditta 121 242
16 Hans 240 480
17 Raffaello 84 168
18 Franky 133 266
19 Leicester 167 334
20 Samantha 226 452
21 Elora 144 288
22 Binny 84 168
23 Trudy 198 396
24 Shae 104 208
25 Bordy 96 192
26 Mechelle 120 240
27 Lucita 210 420
28 Michele 88 176
29 Aubry 157 314
30 Ginnifer 105 210
31 Pace 132 264
32 Coral 81 162
33 Cozmo 167 334
34 Archibaldo 123 246
35 Eddy 136 272
37 Hilario 195 390
38 Helge 176 352
39 Gardener 222 444
40 Gustavus 142 284
41 Anderea 80 160
42 Demetria 108 216
43 Corabella 200 400
44 Agathe 207 414
45 Egor 83 166
46 Murvyn 194 388
47 Morten 95 190
48 Marlena 233 466
49 Franzen 83 166
51 Law 209 418
52 Stevie 238 476
53 Taylor 239 478
54 Olin 138 276
55 Blondy 195 390
56 Judas 120 240
57 Aggy 116 232
58 Brendin 176 352
59 Joceline 142 284
60 Cymbre 221 442
61 Barbabra 229 458
62 Rowan 110 220
63 Hedda 198 396
64 Nev 226 452
65 Sam 233 466
66 Morganne 194 388
67 Deidre 95 190
68 Laureen 143 286
69 Crissy 195 390
70 Wilone 102 204
71 Milzie 92 184
72 Dorisa 100 200
73 Judie 152 304
74 Lucas 182 364
75 Kellen 206 412
76 Ferdinande 175 350
77 Kilian 174 348
78 Bret 161 322
79 Luca 164 328
80 Cathe 146 292
81 Zebedee 97 194
82 Ediva 132 264
83 Spence 144 288
84 Jo ann 131 262
85 Benetta 111 222
86 Papageno 96 192
87 Belvia 127 254
88 Lynnett 140 280
89 Launce 99 198
90 Dougie 214 428
91 Jamaal 144 288
92 Alverta 155 310
93 Marcelia 187 374
94 Grace 131 262
95 Kathi 189 378
96 Raoul 197 394
97 Bria 165 330
98 Currey 202 404
99 Daphene 142 284
100 Will 130 260
101 Nicko 94 188
102 Bruce 83 166
103 Brit 210 420
104 Hyacinthe 106 212
105 Andras 140 280
106 Samara 221 442
107 Germaine 86 172
108 Demott 196 392
109 Odo 228 456
110 Chrotoem 116 232
111 Hadleigh 110 220
112 Adoree 193 386
113 Whittaker 232 464
114 Leodora 113 226
115 Louisette 95 190
116 Merna 99 198
117 Sydel 187 374
118 Jennine 229 458
119 Tabbie 185 370
120 June 202 404
121 Pembroke 106 212
122 Suzette 135 270
123 Joete 192 384
124 Adriena 200 400
125 Lana 178 356
126 Lyn 105 210
127 Dulce 144 288
128 North 220 440
129 Bette 147 294
130 Emmi 226 452
131 Meier 152 304
132 Joelly 195 390
133 Marv 106 212
134 Jasen 210 420
135 Merilee 206 412
136 Ollie 122 244
137 Sherwood 189 378
138 Gilligan 123 246
139 Bibbie 217 434
140 Mag 150 300
141 Lettie 167 334
142 Yelena 107 214
143 Dorie 166 332
144 Wyndham 135 270
145 Gwenette 142 284
146 Benita 132 264
147 Patience 100 200
148 Caryl 224 448
149 Edlin 162 324
150 Blake 162 324
151 Durant 91 182
152 Janene 216 432
153 Krissy 171 342
154 Monica 235 470
155 Janessa 194 388
156 Herb 81 162
157 Fred 112 224
158 Odille 175 350
159 Annissa 133 266
160 Electra 202 404
161 Brigit 166 332
162 Martyn 174 348
163 Bari 230 460
164 Ralph 88 176
165 Katheryn 223 446
166 Norma 107 214
167 Sayer 168 336
168 Alix 105 210
169 Laurie 86 172
170 Isa 165 330
171 Humbert 239 478
172 Emmy 80 160
173 Redford 127 254
174 Sabina 166 332
175 Lemar 123 246
176 Ranice 104 208
177 Robyn 103 206
178 Rosalinda 114 228
179 Gordon 109 218
180 Shanda 154 308
181 Alvan 169 338
182 Rae 99 198
183 Elfrida 239 478
184 Vinny 118 236
185 Meredith 184 368
186 Eadmund 186 372
187 Cazzie 222 444
188 Colman 105 210
189 Jojo 98 196
190 Ives 200 400
191 Brett 142 284
192 Tedie 171 342
193 Otho 107 214
194 Ritchie 153 306
195 Eddy 94 188
196 Kat 131 262
197 Dorise 217 434
198 Alyss 80 160
199 Lorelei 191 382
200 Pasquale 240 480
201 Yvonne 190 380
202 Kilian 152 304
203 Kacie 85 170
204 Rube 144 288
205 Elita 95 190
206 Tana 114 228
207 Pansie 118 236
208 Iormina 131 262
209 Juliet 199 398
210 Ida 207 414
211 Romona 216 432
212 Beaufort 218 436
213 Bern 155 310
214 Joana 205 410
215 Shay 201 402
216 Ximenez 170 340
217 Sydel 228 456
218 Ethelda 124 248
219 Cyrus 225 450
220 Gerardo 168 336
221 Barnabas 159 318
222 Winona 175 350
223 Hanni 209 418
224 Lilah 166 332
225 Tallou 194 388
226 Riki 138 276
227 Krystle 147 294
228 Tracy 177 354
229 Estella 124 248
230 Nessy 158 316
231 Maighdiln 236 472
232 Hadleigh 158 316
233 Amalita 186 372
234 Jordan 190 380
235 Claudius 146 292
236 Bonni 135 270
237 Rhetta 98 196
238 Allister 90 180
239 Chariot 224 448
240 Wolfgang 204 408
241 Bibbye 144 288
242 Marje 168 336
243 Conway 158 316
244 Jenn 92 184
245 Berty 194 388
246 Edwin 228 456
247 Theodoric 187 374
248 Eirena 128 256
249 Michele 181 362
250 Scotti 211 422
251 Teodora 153 306
252 Tersina 105 210
253 Elisha 142 284
254 Babb 181 362
255 Raleigh 130 260
256 Earvin 211 422
257 Philippe 165 330
258 Eran 186 372
259 Casey 153 306
260 Celestyn 224 448
261 Lauritz 116 232
262 Obie 162 324
263 Rhona 226 452
264 Norbert 175 350
265 Yank 94 188
266 Rafaelita 113 226
267 Sig 83 166
268 Anastasia 98 196
269 Jonah 222 444
270 Morgen 213 426
271 Gwenore 240 480
272 Marven 96 192
273 Jasmine 213 426
274 Kassia 195 390
275 Fidelity 227 454
276 Leslie 230 460
277 Brooks 83 166
278 Julio 219 438
279 Ezri 238 476
280 Rana 130 260
281 Ettore 191 382
282 Felice 203 406
283 Georgena 156 312
284 Alli 192 384
285 Demott 236 472
286 Augustus 225 450
287 Madelaine 168 336
288 Nicola 135 270
289 Bearnard 120 240
290 Hannis 147 294
291 Loise 170 340
292 Walker 84 168
293 Kissiah 136 272
294 Ronna 210 420
295 Shirline 103 206
296 Florella 146 292
297 Wyn 207 414
298 Rosabella 104 208
299 Rodi 235 470
300 Vasilis 214 428
301 Roseanne 94 188
302 Archibaldo 230 460
303 Pamella 80 160
304 Bonnibelle 167 334
305 Wesley 80 160
306 Carin 167 334
307 Derril 102 204
308 Land 197 394
309 Angele 213 426
310 Katrina 158 316
311 Marcella 162 324
312 Petronia 146 292
313 Sloan 135 270
314 Louie 212 424
315 Sandro 216 432
316 Alyse 214 428
317 Boris 148 296
318 Rikki 221 442
319 Johannah 218 436
320 Valle 150 300
321 Lelia 150 300
322 Saree 201 402
323 Orelie 222 444
324 Netta 92 184
325 Henry 212 424
326 Gaven 199 398
327 Veronica 85 170
328 Betti 108 216
329 Amelie 179 358
330 Forbes 155 310
331 Teddy 231 462
332 Leta 112 224
333 Abner 119 238
334 Reta 172 344
335 Caprice 221 442
336 Harris 117 234
337 Curran 227 454
338 Chev 167 334
339 Ally 141 282
340 Alisander 115 230
341 Stearne 147 294
342 Hunter 146 292
343 Aubree 220 440
344 Allin 197 394
345 Donalt 152 304
346 Dannie 166 332
347 Delano 116 232
348 Fee 114 228
349 Sigismund 220 440
350 Sandy 178 356
351 Helena 126 252
352 Rocky 115 230
353 Ray 112 224
354 Eyde 106 212
355 Terry 137 274
356 Ardra 163 326
357 Melicent 218 436
358 Dorie 204 408
359 Nollie 97 194
360 Dilan 104 208
361 Myrtle 228 456
362 Arabel 217 434
363 Christos 94 188
364 Leticia 131 262
365 Veronika 226 452
366 Blithe 199 398
367 Chad 100 200
368 Leonanie 206 412
369 Doralin 227 454
370 Pen 96 192
371 Nadiya 155 310
372 Arabela 100 200
373 Kerrie 168 336
374 Colver 227 454
375 Taddeusz 139 278
376 Chic 151 302
377 Dorisa 223 446
378 Mirelle 232 464
379 Channa 144 288
380 Wandis 183 366
381 Rebeka 114 228
382 Gran 198 396
383 Audi 137 274
384 Tessy 177 354
385 Ignacius 216 432
386 Manuel 104 208
387 Kerk 193 386
388 Maxwell 227 454
389 Carmelle 165 330
390 Galvin 92 184
391 Courtney 222 444
392 Karney 132 264
393 Tris 190 380
394 Andie 165 330
395 Tasia 105 210
396 Aryn 218 436
397 Ninetta 212 424
398 Vick 109 218
399 Laurice 216 432
400 Junette 93 186
401 Cherin 210 420
402 Phillis 148 296
403 Kyla 157 314
404 Carmina 178 356
405 El 125 250
406 Janetta 116 232
407 Guillema 166 332
408 Sara 235 470
409 Marcella 207 414
410 Beaufort 136 272
411 Torre 87 174
412 Cammy 127 254
413 Brose 233 466
414 Stepha 148 296
415 Margalit 200 400
416 Duffie 94 188
417 Rowe 208 416
418 Demetri 107 214
419 Packston 226 452
420 Madison 108 216
421 Tiphani 164 328
422 Wendall 188 376
423 Tiphany 180 360
424 Sharleen 206 412
425 Virgina 166 332
426 Trevor 202 404
427 Lynea 233 466
428 Tarra 121 242
429 Liam 127 254
430 Ania 129 258
431 Arlan 82 164
432 Kiri 156 312
433 Ferdinanda 227 454
434 Melisande 190 380
435 Donelle 120 240
436 Ignace 181 362
437 Josh 127 254
438 Kevyn 238 476
439 Benny 233 466
440 Walton 134 268
441 Josias 172 344
442 Fiorenze 225 450
443 Pierson 152 304
444 Romonda 146 292
445 Abraham 141 282
446 Zelda 108 216
447 Cointon 180 360
448 Leonid 125 250
449 Gal 194 388
450 Andrei 152 304
451 Melamie 114 228
452 Farrand 142 284
453 Alfy 207 414
454 Simonne 151 302
455 Chauncey 87 174
456 Austina 224 448
457 Goldia 239 478
458 Osborne 163 326
459 Ertha 115 230
460 Francine 170 340
461 Hill 108 216
462 Charmaine 232 464
463 Eimile 90 180
464 Theo 113 226
465 Dimitri 203 406
466 Seamus 132 264
467 Dido 191 382
468 Gerladina 117 234
469 Des 177 354
470 Horace 120 240
471 Calida 138 276
472 Murielle 224 448
473 Rosamund 147 294
474 Sorcha 93 186
475 Shandee 102 204
476 Tildi 206 412
477 Oren 135 270
478 Chrysler 100 200
479 Rolando 159 318
480 Renell 133 266
481 Brigitte 203 406
482 Lu 210 420
483 Simonette 132 264
484 Rockey 189 378
485 Hertha 148 296
486 Tarrah 82 164
487 Mikey 233 466
488 Carlin 157 314
489 Filmer 131 262
490 Leigh 126 252
491 Amil 145 290
492 Earlie 104 208
493 Gianna 144 288
494 Bentley 109 218
495 Horatia 106 212
496 Rosamund 101 202
497 Jeralee 134 268
498 Alec 170 340
499 Bary 191 382
500 Bev 194 388
501 Shauna 176 352
502 Del 105 210
503 Anthiathia 91 182
504 Brandie 180 360
505 Hollyanne 120 240
506 Rowen 104 208
507 Juli 192 384
508 Ardra 207 414
509 Elton 173 346
510 Elmira 216 432
511 Nara 179 358
512 Wallas 228 456
513 Scotty 223 446
514 Tabb 171 342
515 Yancey 209 418
516 Homer 209 418
517 Abbe 166 332
518 Goran 136 272
519 Tally 167 334
520 Katinka 178 356
521 Sigfrid 109 218
522 Grantham 141 282
523 Briano 146 292
524 Ronica 186 372
525 Emlen 227 454
526 Annabel 215 430
527 Waldo 215 430
528 Cad 157 314
529 Karlen 200 400
530 Minni 110 220
531 Nananne 156 312
532 Gary 136 272
533 Jefferey 153 306
534 Marlo 223 446
535 Franny 123 246
536 Danell 145 290
537 Elysha 149 298
538 Claudius 106 212
539 Dilly 178 356
540 Dyan 91 182
541 Perry 188 376
542 Pace 233 466
543 Dalila 127 254
544 Skipp 235 470
545 Gal 229 458
546 Sigismund 106 212
547 Derick 223 446
548 Florenza 225 450
549 Egbert 236 472
550 Arliene 198 396
551 Caren 179 358
552 Ginger 84 168
553 Morgan 127 254
554 Angeli 109 218
555 Wallache 100 200
556 Alexandrina 206 412
557 Mirabella 183 366
558 Gamaliel 180 360
559 Karisa 102 204
560 Walker 191 382
561 Art 186 372
562 Juanita 139 278
563 Lynsey 151 302
564 Decca 202 404
565 Margie 225 450
566 Nils 137 274
567 Ryan 169 338
568 Quintina 113 226
569 Karlik 122 244
570 Care 204 408
571 Athena 191 382
572 Ansell 209 418
573 Dugald 113 226
574 Laraine 166 332
575 Reggis 216 432
576 Robert 101 202
577 Cassi 209 418
578 Kelly 184 368
579 Efrem 154 308
580 Gibb 161 322
581 Cash 228 456
582 Lew 157 314
583 Ros 127 254
584 Maximo 177 354
585 Lynn 206 412
586 Waring 131 262
587 Zuzana 214 428
588 Lombard 110 220
589 Laurena 156 312
590 Gwynne 116 232
591 Carlie 206 412
592 Darbie 145 290
593 Fleurette 181 362
594 Leilah 127 254
595 Newton 111 222
596 Esra 168 336
597 Laurice 119 238
598 Neala 218 436
599 Archibald 100 200
600 Meghan 187 374
601 Gregoor 200 400
602 Cassandry 120 240
603 Rahel 223 446
604 Chiquita 90 180
605 Casey 221 442
606 Georgina 159 318
607 Axe 90 180
608 Marline 236 472
609 Matty 152 304
610 Josias 114 228
611 Ag 200 400
612 Dannie 94 188
613 Gusty 95 190
614 Abraham 210 420
615 Bernadette 212 424
616 Farra 191 382
617 Miner 113 226
618 Layton 211 422
619 Roderigo 215 430
620 Karrie 150 300
621 Eirena 85 170
622 Tracee 80 160
623 Normand 157 314
624 Joan 226 452
625 Evangeline 177 354
626 Kristian 103 206
627 Junina 192 384
628 Thom 221 442
629 Margy 215 430
630 Thorn 117 234
631 Jamie 130 260
632 Flss 219 438
633 Ad 141 282
634 Jeanie 183 366
635 Luigi 236 472
636 Kory 206 412
637 Chloette 146 292
638 Dorolisa 107 214
639 Thain 222 444
640 Manya 189 378
641 Otto 188 376
642 Raynard 126 252
643 Giulio 150 300
644 Lambert 234 468
645 Terese 107 214
646 Nannette 146 292
647 Reuben 203 406
648 Biron 81 162
649 Lynnette 207 414
650 Irv 225 450
651 Hammad 115 230
652 Cilka 238 476
653 Killian 86 172
654 Bent 149 298
655 Skippy 96 192
656 Nil 117 234
657 Jake 99 198
658 Jordan 232 464
659 Ange 99 198
660 Yardley 127 254
661 Rhonda 185 370
662 Lisle 151 302
663 Durand 125 250
664 Nickie 163 326
665 Louisa 224 448
666 Alyssa 173 346
667 Harman 112 224
668 Annemarie 240 480
669 Aryn 127 254
670 Daniela 178 356
671 Jania 191 382
672 Mirabella 202 404
673 Ashly 135 270
674 Blake 199 398
675 Kaycee 185 370
676 Murray 146 292
677 Aloin 110 220
678 Carroll 203 406
679 Randy 221 442
680 Joyann 198 396
681 Yale 202 404
682 Abraham 220 440
683 Othella 207 414
684 Alanna 238 476
685 Clevey 102 204
686 Darb 201 402
687 Eugenie 164 328
688 Brunhilde 80 160
689 Bernardine 166 332
690 Pasquale 201 402
691 Clarinda 95 190
692 Elwyn 155 310
693 Megan 207 414
694 Chrisse 99 198
695 Gennie 176 352
696 Emmalee 216 432
697 Adria 184 368
698 Bliss 96 192
699 Issy 132 264
700 Phillida 203 406
701 Hagen 104 208
702 Jaine 135 270
703 Bette 219 438
704 Issy 222 444
705 Bernardina 156 312
706 Tate 185 370
707 Madelon 171 342
708 Amie 146 292
709 Ninette 167 334
710 Anneliese 80 160
711 Rosanne 203 406
712 Genvieve 151 302
713 Noam 201 402
714 Gracie 213 426
715 Gunter 136 272
716 Silvanus 125 250
717 Johnath 168 336
718 Clotilda 225 450
719 Yvonne 126 252
720 Colleen 169 338
721 Avril 198 396
722 Zechariah 155 310
723 Angeli 155 310
724 Cammy 87 174
725 Donella 169 338
726 Leone 240 480
727 Rey 168 336
728 Angel 151 302
729 Ches 166 332
730 Haley 122 244
731 Vittoria 155 310
732 Gratiana 128 256
733 Randi 106 212
734 Jodi 81 162
735 Rosabella 198 396
736 Lev 156 312
737 Jennette 141 282
738 Lin 234 468
739 Maisie 159 318
740 Georgi 109 218
741 Obidiah 199 398
742 Algernon 229 458
743 Aurelia 133 266
744 Elbertina 189 378
745 Liana 93 186
746 Babbie 226 452
747 Hamlin 162 324
748 Deana 218 436
749 Lita 141 282
750 Merrili 180 360
751 Pammy 221 442
752 Jenda 136 272
753 Belva 182 364
754 Madelon 234 468
755 Homerus 210 420
756 Luther 174 348
757 Lulu 115 230
758 Read 91 182
759 Filmore 86 172
760 Herrick 122 244
761 Dolph 103 206
762 Tedi 228 456
763 Rosanna 139 278
764 Jo 102 204
765 Brandea 156 312
766 Brice 237 474
767 Penny 163 326
768 Janela 102 204
769 Karyn 155 310
770 Dalia 120 240
771 Lizette 143 286
772 Cacilia 154 308
773 Ezequiel 150 300
774 Corey 89 178
775 Aurelea 229 458
776 Joshia 220 440
777 Karoly 212 424
778 Gary 145 290
779 Shelley 146 292
780 Peirce 232 464
781 Alis 155 310
782 Marlowe 96 192
783 Melisenda 105 210
784 Gib 235 470
785 Henry 215 430
786 Ly 85 170
787 Arlan 173 346
788 Aleksandr 164 328
789 Janina 152 304
790 Yank 192 384
791 Molli 81 162
792 Shayna 224 448
793 Roberto 207 414
794 Pail 161 322
795 Montgomery 157 314
796 Brittne 114 228
797 Fayth 221 442
798 Vin 169 338
799 Rhea 82 164
800 Armando 216 432
801 Hedvig 238 476
802 Bili 152 304
803 Lindsy 123 246
804 Bartie 92 184
805 Colver 203 406
806 Brooks 185 370
807 Glynn 172 344
808 Gerardo 126 252
809 Blaire 181 362
810 Rees 206 412
811 Eleanor 207 414
812 Wilhelmine 148 296
813 Gaelan 154 308
814 Freddy 125 250
815 Gwenny 208 416
816 Wynnie 104 208
817 Basilio 181 362
818 Harland 131 262
819 Esma 223 446
820 Boothe 221 442
821 Aleta 209 418
822 Manon 160 320
823 Sergeant 210 420
824 Cordy 94 188
825 Michail 135 270
826 Aime 178 356
827 Stanford 234 468
828 Euell 134 268
829 Gibb 152 304
830 Natividad 88 176
831 Shane 181 362
832 Barbra 219 438
833 Courtney 121 242
834 Doug 209 418
835 Alfons 167 334
836 Bertine 95 190
837 Winnie 224 448
838 Ibrahim 212 424
839 Forester 143 286
840 Evelyn 226 452
841 Juliann 102 204
842 Sarah 90 180
843 Berkly 108 216
844 Stormy 208 416
845 Harrie 129 258
846 Cosmo 179 358
847 Noe 97 194
848 Giulio 96 192
849 Quinn 176 352
850 Frankie 117 234
851 Parke 115 230
852 Tamara 113 226
853 Colas 99 198
854 Karry 182 364
855 Al 205 410
856 Gilli 209 418
857 Monah 160 320
858 Brietta 172 344
859 Chase 193 386
860 Claribel 142 284
861 Anthia 108 216
862 Ray 233 466
863 Jaclin 238 476
864 Kathrine 204 408
865 Drew 188 376
866 Fidel 146 292
867 Hansiain 116 232
868 Hoyt 171 342
869 Benni 84 168
870 Frieda 226 452
871 Tonie 146 292
872 Tressa 159 318
873 Murray 178 356
874 Brett 192 384
875 Ruby 225 450
876 Maggi 220 440
877 Marcos 238 476
878 Cherye 179 358
879 Tressa 162 324
880 Mortimer 105 210
881 Nettle 181 362
882 Jesus 171 342
883 Gay 158 316
884 Arabelle 204 408
885 Pablo 240 480
886 Amelita 208 416
887 Amil 123 246
888 Shay 86 172
889 Constantin 178 356
890 Isidoro 158 316
891 Philip 239 478
892 Horst 205 410
893 Jamal 237 474
894 Tedda 188 376
895 Winnie 182 364
896 Haze 153 306
897 Isadora 205 410
898 Sidoney 158 316
899 Yuri 82 164
900 Spike 186 372
901 Lorry 126 252
902 Richmound 123 246
903 Constancia 194 388
904 Meghann 96 192
905 Trude 136 272
906 Reinald 102 204
907 Cheston 181 362
908 Godfry 196 392
909 Edik 108 216
910 Mortie 114 228
911 Dun 132 264
912 Ailyn 186 372
913 Reggi 115 230
914 Sheppard 112 224
915 Curt 240 480
916 Boigie 212 424
917 Dulci 183 366
918 Lisette 211 422
919 Kimmie 143 286
920 Sibilla 237 474
921 Faunie 137 274
922 Loria 154 308
923 Nealon 175 350
924 Skipp 137 274
925 Tiena 95 190
926 Galvin 195 390
927 Erda 135 270
928 Lulita 197 394
929 Ringo 181 362
930 Conn 115 230
931 Allyson 91 182
932 Joya 178 356
933 Rafferty 87 174
934 Debby 181 362
936 Clayson 229 458
937 Jennine 115 230
938 Drona 164 328
939 Brynna 196 392
940 Francisco 140 280
941 Charlene 176 352
942 Egor 189 378
943 Westleigh 88 176
944 Suzanna 142 284
945 Noe 105 210
946 Dewey 145 290
947 Cornelius 226 452
948 Georgie 184 368
949 Sherman 182 364
950 Humphrey 211 422
951 Vale 210 420
952 Chiquita 181 362
953 Burr 102 204
954 Harmonia 179 358
955 Giacomo 190 380
956 Brian 196 392
957 Irwinn 174 348
958 Ashleigh 216 432
959 Morty 192 384
960 Chaddy 227 454
961 Garik 97 194
962 Cookie 100 200
963 Waldo 207 414
964 Mariam 216 432
965 Bryna 102 204
966 Joannes 147 294
967 Donielle 186 372
968 Emma 227 454
969 Normand 109 218
970 Gavrielle 125 250
971 Seumas 96 192
972 Wyatt 176 352
973 Bogart 174 348
974 Ellette 215 430
975 Enrico 123 246
976 Christoffer 153 306
977 Riannon 209 418
978 Jenelle 110 220
979 Fredrika 143 286
980 Francisco 85 170
981 Torr 234 468
982 Valerye 136 272
983 Anthia 84 168
984 Stormi 135 270
985 Randal 119 238
986 Hugh 142 284
987 Marlane 92 184
988 Tybie 109 218
989 Bethanne 236 472
990 Karoly 85 170
991 Wendie 225 450
992 Giselle 175 350
993 Sisely 158 316
994 Jen 152 304
995 Tabbie 110 220
996 Mab 127 254
997 Viole 131 262
998 Abbye 125 250
999 Lauralee 95 190
1000 Jessie 175 350
